Datetime,Price,Prediction,Confidence,High,Low
2026-09-20 01:37 PM,80408.51,NONE,53.20000076293945,80418.53,80312.88
2026-09-20 06:51 PM,80507.49,NONE,56.0,80641.08,80503.2
2026-09-20 10:40 PM,81238.79,NONE,55.5,81447.41,81238.79
2026-09-21 01:31 AM,81184.53,NONE,55.59999847412109,81184.53,81184.53
2026-09-21 04:18 AM,81188.53,NONE,53.900001525878906,81300.54,80782.61
2026-09-21 06:11 AM,81632.38,NONE,66.69999694824219,81833.95,81178.63
2026-09-21 11:12 AM,81663.5,NONE,64.5999984741211,81786.55,81302.24
2026-09-21 05:01 PM,84773.0,NONE,53.59999847412109,84778.09,84431.79
2026-09-21 11:00 PM,85906.5,NONE,51.59999847412109,86109.28,85754.34
2026-09-22 02:57 AM,86643.41,NONE,50.59999847412109,86933.82,86590.51
2026-09-22 05:55 AM,86389.46,NONE,51.59999847412109,86618.54,86289.08
2026-09-22 11:09 AM,85257.07,NONE,51.09999847412109,85502.35,85129.89
2026-09-22 04:08 PM,85876.91,NONE,52.20000076293945,86254.29,85740.76
2026-09-22 08:47 PM,86219.52,NONE,58.900001525878906,86385.08,86148.48
2026-09-23 12:55 AM,86478.48,NONE,58.09999847412109,86554.58,86461.36
2026-09-23 04:04 AM,86208.05,NONE,51.09999847412109,86300.59,86000.0
2026-09-23 06:35 AM,86574.99,NONE,63.59999847412109,86623.74,86438.57
2026-09-23 12:31 PM,86421.7,NONE,56.79999923706055,86458.65,86419.12
2026-09-23 06:39 PM,85312.44,NONE,52.0,85514.98,85303.52
2026-09-23 11:35 PM,84248.91,NONE,54.29999923706055,84323.33,84164.35
2026-09-24 03:24 AM,84455.52,NONE,59.20000076293945,84511.09,84224.83
2026-09-24 05:38 AM,84473.16,NONE,59.900001525878906,84490.47,84397.39
2026-09-24 11:10 AM,84207.5,NONE,60.0,84397.1,84045.86
2026-09-24 04:18 PM,83422.56,NONE,56.79999923706055,83433.9,83193.41
2026-09-24 09:07 PM,84301.51,NONE,56.70000076293945,84322.86,83517.91
2026-09-25 01:08 AM,84555.85,NONE,56.900001525878906,84677.39,84300.31
2026-09-25 04:21 AM,84227.99,NONE,52.59999847412109,84356.09,83963.02
2026-09-25 06:32 AM,84645.47,NONE,61.79999923706055,84665.09,84582.59
2026-09-25 12:23 PM,84037.56,NONE,50.09999847412109,84265.5,83955.95
2026-09-25 05:57 PM,84336.72,NONE,55.400001525878906,84675.2,83906.23
2026-09-25 11:09 PM,83714.39,NONE,57.70000076293945,83992.91,83652.99
2026-09-26 02:24 AM,83972.09,NONE,63.400001525878906,84181.97,83952.11
2026-09-26 05:13 AM,84088.7,NONE,61.20000076293945,84112.31,84020.7
2026-09-26 08:11 AM,84024.35,NONE,62.900001525878906,84132.85,83999.75
2026-09-26 01:39 PM,84069.11,NONE,56.0,84117.59,84062.2
2026-09-26 07:00 PM,83931.49,NONE,53.900001525878906,84127.73,83883.58
2026-09-26 11:00 PM,84059.45,NONE,63.5,84125.67,84059.45
2026-09-27 01:55 AM,84053.17,NONE,60.5,84060.51,84008.68
2026-09-27 04:46 AM,84353.98,NONE,60.900001525878906,84357.62,84279.88
2026-09-27 08:12 AM,84480.06,NONE,62.70000076293945,84549.21,84459.88
2026-09-27 02:15 PM,84720.24,NONE,60.29999923706055,84881.28,84692.44
2026-09-27 07:56 PM,84870.86,NONE,54.29999923706055,85048.56,84870.86
2026-09-28 12:17 AM,84766.43,NONE,57.900001525878906,84766.43,84570.86
2026-09-28 03:15 AM,84527.41,NONE,60.29999923706055,84718.74,84495.01
2026-09-28 05:39 AM,84428.87,NONE,64.5999984741211,84558.89,84428.87
2026-09-28 11:38 AM,83244.36,NONE,58.79999923706055,83244.36,83140.92
2026-09-28 08:15 PM,82941.08,LONG,56.0,83600.83,82886.16
2026-09-29 02:27 AM,83509.48,NONE,55.79999923706055,83600.0,83278.5
2026-09-29 06:17 AM,83403.56,NONE,57.79999923706055,83620.26,83350.0
2026-09-29 11:56 AM,83840.47,NONE,59.70000076293945,83891.03,83420.0
2026-09-29 07:05 PM,84113.65,LONG,59.09999847412109,84551.09,84087.63
2026-09-30 12:30 AM,83637.67,NONE,62.400001525878906,83637.67,83637.67
2026-09-30 04:23 AM,83631.83,NONE,62.20000076293945,83719.08,83496.83
2026-09-30 07:16 AM,83446.26,NONE,53.59999847412109,83519.85,83346.48
2026-09-30 01:14 PM,83409.74,NONE,54.900001525878906,83435.75,82963.18
2026-09-30 07:57 PM,83842.18,NONE,54.79999923706055,84636.95,83650.26
2026-10-01 01:15 AM,83822.69,NONE,55.29999923706055,83923.78,83614.36
2026-10-01 04:50 AM,83727.65,NONE,56.900001525878906,83758.12,83646.4
2026-10-01 08:46 AM,83485.23,NONE,60.09999847412109,83537.17,83428.75
2026-10-01 04:06 PM,83787.84,NONE,55.09999847412109,83787.84,83433.0
2026-10-01 10:42 PM,84444.66,NONE,54.59999847412109,84477.06,84200.67
2026-10-02 03:40 AM,84693.61,NONE,59.29999923706055,84777.84,84579.1
2026-10-02 07:24 AM,84932.83,NONE,64.9000015258789,84967.05,84522.8
2026-10-02 01:16 PM,85931.12,NONE,55.5,86077.58,85769.07
2026-10-02 07:50 PM,86521.1,NONE,53.59999847412109,86830.26,86263.0
2026-10-03 01:11 AM,84221.25,NONE,55.29999923706055,84314.29,83975.84
2026-10-03 04:57 AM,84500.04,NONE,60.29999923706055,84558.61,84480.0
2026-10-03 08:33 AM,84610.12,NONE,61.70000076293945,84616.24,84610.12
2026-10-03 03:03 PM,84612.74,NONE,53.5,84659.0,84612.74
2026-10-03 07:59 PM,84822.85,NONE,55.20000076293945,84858.51,84790.35
2026-10-03 11:58 PM,84973.06,NONE,70.0,85030.43,84963.0
2026-10-04 03:25 AM,84729.74,NONE,54.09999847412109,84749.25,84600.0
2026-10-04 05:45 AM,84820.28,NONE,62.70000076293945,84837.8,84753.33
2026-10-04 12:02 PM,85009.64,NONE,69.69999694824219,85054.21,84892.75
2026-10-04 06:28 PM,85106.05,NONE,54.70000076293945,85370.11,85106.05
2026-10-04 10:47 PM,85318.1,NONE,60.59999847412109,85391.75,85318.1
2026-10-05 02:11 AM,85612.05,NONE,57.20000076293945,85644.77,85396.06
2026-10-05 05:13 AM,86480.13,NONE,53.79999923706055,86763.0,86399.42
2026-10-05 08:41 AM,86454.4,NONE,53.09999847412109,86526.72,86428.31
2026-10-05 04:30 PM,86106.4,NONE,61.09999847412109,86106.4,86106.39
2026-10-06 06:33 AM,86100.27,NONE,68.19999694824219,86113.92,85920.73
2026-10-06 01:51 PM,85822.38,NONE,58.0,86011.68,85567.06
2026-10-06 09:07 PM,86342.48,NONE,53.900001525878906,86677.31,86200.0
2026-10-07 02:11 AM,85650.33,NONE,59.400001525878906,85650.33,85587.14
2026-10-07 05:45 AM,85588.26,NONE,61.70000076293945,85600.0,85488.84
2026-10-07 12:13 PM,84347.89,NONE,57.70000076293945,84347.89,84160.14
2026-10-07 07:35 PM,83154.04,NONE,50.59999847412109,83207.6,83087.82
2026-10-08 01:52 AM,83567.37,NONE,59.20000076293945,83606.31,83436.26
2026-10-08 06:06 AM,83252.71,NONE,54.59999847412109,83358.98,83223.28
2026-10-08 12:22 PM,82804.61,NONE,51.900001525878906,82922.73,82512.25
2026-10-08 07:45 PM,82531.67,NONE,51.5,82582.88,82142.28
2026-10-09 01:53 AM,81777.54,SHORT,58.29999923706055,81894.66,81768.22
2026-10-09 06:22 AM,81915.89,SHORT,63.79999923706055,81915.89,81711.74
2026-10-09 12:30 PM,82560.24,NONE,58.20000076293945,82560.44,82560.24
2026-10-09 07:45 PM,82892.96,NONE,53.29999923706055,82892.96,82500.0
2026-10-10 01:26 AM,82357.79,NONE,53.0,82554.09,82280.0
2026-10-10 05:14 AM,82623.53,NONE,62.400001525878906,82682.33,82579.52
2026-10-10 09:00 AM,82589.39,NONE,63.79999923706055,82614.78,82573.08
2026-10-10 03:47 PM,82813.86,NONE,64.0999984741211,82859.53,82813.86
2026-10-10 09:32 PM,83040.93,NONE,66.4000015258789,83046.25,83040.93
